zil1cys05wn2vz0nj3sc9ular0skg03t8zm80vwl8l,957.746479,d3c7c7e385a03907fc39cdc856d3cbbcd1992081031c50f19c442ecb2fd232fe
zil1x3cxp6p8q9q6dfuzsp8y4y676ktta2q8ny5ds2,957.746479,aec12131ae0833af290ebacf91850cdf0ebd1fdbe717e3a6e2de23d7b9d8ea69
zil1tx5xwmamu7z52pmqlfl4aw5p56p887r9z7d4nv,957.746479,bc3edbe0e6e8ecf9c9cfdb65688fd0a8ac0529df8e572af46426fc59f140efdc
zil1d3gq7a0cpgrtenc9zal5hlzyav3eguvadaa0s4,957.746479,6d4e8acd21cc61a9918620718c99d80ce87a40745dd11e5b23077e43e2cea665
zil1wzs2c35cw0yd7cgpttq9yhnr2nr5s4aqrdxc5n,957.746479,eb2f5d05c156282de2133300e1f82723a456aaa882517c84cc5a4e2f296bda5d
zil13av2vl78z8qaat5sfshnrjaye3dmc3ckz6qn0m,957.746479,780bb9358edfada3674eba60b8325010b27460d9fd3b95d38acf1ee293b68560
zil1dj7kj5dq8cpgntesp3dly97rlvr99pus9kvncj,957.746479,b730d7e2aaf76eb4df279cd9effe8bf4b854dd0b989ee9d2f4066d9e117f3099
zil16j7pxvgr4mmd6vl8j4xgsjksgrlplw7fgsaktm,957.746479,7403b5743bfe26c9e230ccfc30d860cc3496eb84a7bcb1dc2d6b96006d17c54a
zil1c279zt296kp5x3zy5ll3mrhkncc25c93k6d43e,957.746479,66f1d2d57a58e510cd143b8a31e7e192013d8be7ae49071040b3fd91fdc1820e
zil15fjm2djcgx4dldcuwfjegg5d62tfkqmwmanen8,957.746479,42639c8f368aa25aee59feddd757480b6e82cdefc6cfd8ec43df34f8b17a68e7
zil1trt56jg2e9t3z6snf2fpeuvz2rcnfwd6h30d2t,957.746479,f19af84e8a0bfe0f8a9398bc492cdb6b41813a8b538a2c841910687de9cb0c38
zil17pvurqqag75fu4zjhawxxjv3w6yyd4nkare8nx,957.746479,0fb5f5597e9442bf04eae0bf60c2ca74161adbd06b7e2c1465c072f20b4c008d
zil1y67pm93l469h6y8vjd5d8vqfz7ljgrhqcr5myq,957.746479,8b600de0384aa0d3f82f7b8ea22dea35aa37e5e9becac77f1a7cef7ede530efd
zil1kymn6sqgr4u8uhjaflf5pwptsnwsn7kgt6hzcq,957.746479,1ec8ce42b254d6488c2852e5b05c6f872936242433ec36d9033f7c3822ff7eeb
zil1zdmykez6lqnalv66zyhymt48rlscmjcnqe3ynu,957.746479,8ff355c747e2ce46ba375e0730ed3ba45826412c2b5504d4d85411a2894e681b
zil1n0700d2yw8rn3xk6rm5lr6h0y7madg598r7eqj,957.746479,10a45700c3cb4edf75a94c2cf5ab5d628c56ef0ef5425508b57321684afe90f5
zil1npheuaka29rwz5exludr7q4v47ha8ekwtd4y49,957.746479,5d6687334d00610b2f9efdf75b41afcca8a52fb4898c48c3af9dd9384fd11805
zil1t8ca7v25pcgh6jdgseujpsf04kx85hnyhme6su,957.746479,00ff711e8a54072ceb878fef16c7686dedb2183e9445717dabbbd8552225ca67
zil1qdsuvjjtsk9nmg5uyqpzcgtturezvxnz6er0mm,957.746479,d196f0ec0d9be6c209e0984ef99ad0b56a29605c4cb7948dd42bc9488e5c08be
zil1klaapedlwg0q2qwu8sv2epztcgqra6l6eygv7y,957.746479,e3bc5517d0cb02a8af36e7d9c7a43b5371034bbf7abab5d42e85c88cfd438737
zil1e3etegzg5dvn06263fw0xa3rvjpqjgvsj7dxem,957.746479,f908306b8d86a03822a6dd004ea1d3e2c62d17b32111c4fb67372ccf5f59dda7
zil1fzzcswxryvf9racfvu8j5l9gxrd87e78xmx3zr,957.746479,ad8ae7752be864c8cd4c4b019cb68b7c15c12baf9f7b9250afcd98752078e7c2
zil1v4nwweeemgafw07tuae4vduz6v2lwsey0yp4p4,957.746479,352c2d614698e9474f3e5653d92ab194020a0f58f35ba56947faee646fa47f71
zil1w3wkdysn9hew9sdt8h7lt8pd9lqglwsmegh0r3,957.746479,e45e2721fcd70a0dae1538604ce951bf2ca4dfa3f1d8bb206864126a7bbc53d9
zil10u0n5rjaxx6rvgsgk47y3yuv7zejhkg27feesw,957.746479,b770bc1f838ba5f468e86a57c6355ae373c99ed78130ced7c3bd5b0142ed2ddd
zil1dc37p3se4vmwqygzlaadjg9gy5a625qcmg8t4y,957.746479,3fc7ce16f72d1affc3c8d183b42d33b284c12d182c66d1807e94d12f1ea3e476
zil1zmktevzv88c2c6c84khurmn7njxd20ecp20t02,957.746479,cddf64c1367007c727445d319d986bd24934fd2b6cbc74c76382e772cd02a238
zil1e03smvunpwk3deqs3jnqp2s992tv2ec8yqyshr,957.746479,d1bf542af768a4ba8e5f63f8e41941a4050ece7c2bc1603966b4a7518fe4ebb5
zil1u0lc2u4w090z56vxm3ucu6wryfccqwmctg872f,957.746479,2dca0de237abebe0785cd0bad7fbba76bc0d57a8da832d1fcb2edef9b0bd110f
zil1htsu4hmnwjvhd8u2tm2s8wa83ljsj55ev6ytzv,957.746479,1e4ea01761e144d6fbcecdafe683ba2145f968aff40bdc42f8cf0a4c00979694
zil1n3z54c64vmgvt3m4e9gay0mzlgdf9qr534uel2,957.746479,49de9b230eace89228a52c3b21e3161f7d7ab6d459085196d7f9a3a42f0765f1
zil1akwzrruvzr27r4uv6y473y5e8t0s69s99e4msr,957.746479,9f4c5f1429750a231b16d90b320a8dd17f03329724fba384e25264fdd2e0cdb8
zil1pyagsxh4pxc25lj9trnrvqj78m4kdv4ntf39nz,957.746479,3d2a15292d859d1dd009024732826a44fc10448345fc58871d45cba5c1abe506
zil1g6xvuj7qz22v3kjd2d4jas8rsv6q8h5qmd2ep8,957.746479,a6fd7e0a684808c198501e68f23e66a40f3f87417be1573366b4f264672429b9
zil1sghxpgvqgha3q55dwckl0raw0jfkkj3mws6rhc,957.746479,31735ebba18720c6bf8a30ea28cc941d3312d67e950530408de31f36892d466f
zil1tf4nvn4z2263fuurkgm4askdj6q9cg2mmvwczj,957.746479,049b3bf0bd2603226c1d25177fdb9d6e27f79556781c62d41a77fd5b86605766
zil13rzyy6yxsxqts5nd82adhkjaw4xh5ukndhqzk6,957.746479,a8ae88b369269b278f2b2526c0655c5921e70f67468f8887f86d866166870cff
zil1w28elc3pasqq87zr2a0u7fsucekrjjy338w92s,957.746479,e318030db6e497c14449c9156412cb6b55fca02df0222ca6a16fd34fc90c3381
zil1fqmts0r8y95uzmw5q9vhu04wcu506gwmzc70gt,957.746479,79354d80cd81ba3e7cd26c867fa2c3572f5cf1c5d99420a1d33ee9d3bb874054
zil1q4407r4zu9kw48ayuwpm7s3x22xz28uk7j8mg9,957.746479,1df18028d43a890115fed0911049378f8697335b73209535eaabe1c75992f3e3
zil1ldycz6wgj7xzld5qg5ytzyyped76amekr9gnp6,957.746479,7df1d13cc93085cb40231f7c91b0cf0babb318dca4c5b370407ad159e5479413
zil1g773qvgk5g5jnsc2nnph57luzsqkzjmk8gncmj,957.746479,7d736a0f60357a20abf1807c8300afb8efde39513a656039315d71c2a03b2a6f
zil1h82fjfccdmn9g9wcmceaxzhy2l8lwv0p0rkkwa,957.746479,e2ab76bca880117642334d9f5cea3cc023f415f36a011587da0bb263f5f0fdfc
zil1pxqn4qnjv575dmg9pfwm4glzn37tvawzyhsqwe,957.746479,cdb1a07a172787d669b0c3b46547f35b874da2cbee61a8146925f92525aa46e7
zil1vzygu25r7e6ktxdgyq8377uc9anj7wnwjj8pxj,957.746479,a8dc43493d2e97239c55b6a9a7f1c7888bdac8873d5aa222675ed418bea333d7
zil1cu94yf7crgxcggugwuspwe2xavmm7v9t3w40kz,957.746479,d1306250e6eadbef7c05cfc58b76928a4f688cff8a699e784874e5f43cd80418
zil1h54rre52fl940uuglergmzrevqyd47mju3tys6,957.746479,cc6b204d62e4cc80e93fdd27b2d0b665db1a1017c0c14641f6e6cdfade956697
zil10xq0s6lsdxe7def67lr0mprxsnw3kpnfcrpd4d,957.746479,99714c4f05f8a5698d565479932c285a23b742a96db32a1333d4fcee0906f63b
zil1peuv3gl2vagml82krcegg2uuq0x4jgg9y2g0hn,957.746479,ae7f84c9fa4d9aaaab0b492d5de66d0188007632c12a7ea19c5bf00adfa5f95f
zil1zs4apc4ye5jlasvaheqssat85zz86252ccm4qm,957.746479,b2e456605f7b75bebd83486ce318efa2e2c411143da6f03f3f5a00c791c052af
zil1jlqea4m8z9ufg3hmwvk9y6efyu3mvlp5gcf7ka,957.746479,84a2f0cbd17211e43478e72c69fbd2671d1de853c2d5d300e5c920eb44eac49b
zil1cyy8w63xcnyuqj0yex96wcxf546nhv6maprljy,957.746479,a4947998c090301406afaaccc28b35e610a1e93f4bd01743c48cbbe056456cca
zil1a0krtcd0h6xqsa89lsn95v5f8kmd8832pph3qs,957.746479,2397f13f362fe0f094ca99b7d3ed88d9643e4497a6047ed19669033639afc75d
zil15v4wxydkt370kk5xghgmzusquhns8re74k4f8m,957.746479,8e6eee1e5eca2eb8e411d76044a62e4aed980cb8014d6965fef5d0436d32d54b
zil140zjdpup8s9mt2el28tsqhvnrwnzcn98tsnues,957.746479,68d2a2fbcb91257625defe9972a6d277a99614d3a6889b8306f65d87a005026d
zil1frx2f0euta5ewuggj90zakkajkpqc6hnlnk7qz,957.746479,ac9ccf0e5e17d5f1c681320058210d1555de29cafc320f218bc668e489f84d03
zil159jy3jtf6zqwu6ywe8mqc9ch8hqpy8uj2npl4j,957.746479,d8415f404822f6a7a5ec7ef4be6fcb840a3deff0a2c5a9ad1532f0b751857b1e
zil186pkqmt4nuhzd0a8jsps6dr3pmmy0rtlz3fjl0,957.746479,aa7ac0ef03ab9988b2d5a5914b21c180520e40276dd86dd8009817656d530c83
zil1jv3f3pukpexue0lvvtzk44lczmgd5dgwrektzd,957.746479,24eee9886727ebe20f456ed493aade063aae6551f93ad1c9d3e3caf3e06dbeb2
zil19qda4y6sf44h23czwqh5d3s7uctzcwvt600p6t,957.746479,89bc034d004d8ab0958fe6a724c2b86579a07b6f9319f6cea54644de1546ef6d
zil13z09d6drg6l25j22tl7as7wf8caky7lp74204m,957.746479,7d77e15911634cc3010382cd99778e899e3e73bf34fdd0702cc2d2c263ec6296
zil1q5maawem6rtpghm0hkln5n99hh0v2tf0st8nfg,957.746479,df22882933534c0208a513ace66a89d3479023a284d73fa5dbcf105ce752f94b
zil123ctg35xdzvxgq3j9fja87g82r46p09y20p5kk,957.746479,e8adb54d561d6dd49c9d397c048199eece0ad304bc177ab04c52042d79d21bbe
zil1g5h0e9jcx8pf4w9kxdm8y4qvgv4ferc4y4p2xq,957.746479,e7d9cb5bbd552a7250db38a1a98e636b2487246086270a07011dff18f46cd4fb
zil1jfqvgrpgr4jew37r709azsdzeksk3uulf3ex8n,957.746479,2ae3bd4459a2a970ff1a1fe2cef00159cac29e5b9b13d11369ade0f8192618ea
zil19gfsyddjkkqcc3yu9elkvdtm68hzkyp3ghv0fa,957.746479,6f2f3ee8e074be08058c17306e41609c7dc003fa802f8ce4a6aa05bf307b3dc1
zil1w0nhu66823c7wa80ct5j2drj79yup3vf6w0msz,957.746479,efcf78f07974d52575a442340b0cb0addb2d3ea694952a80cd83c264bdce679c
zil1qsvm7k79dnv7ac0nvqm8pu2hhnh8exprxwltpl,957.746479,08aa9f749ef438c323486c06cf47736386aeda33f3b1840a140cfdc23e3b425b
zil1eu2u27yhzfez3rmzfut7q5hcklc3vprcdeqypf,957.746479,c959be80cc6e36828e1d36afe4739f203dd091bebfa7bdf49daff3a87737fa89
zil1fh0ewsh8jaxhcf7glrk9qguy5h7lm88w4tp52g,957.746479,4f4713ae11934acb78813111c36597c61c8439b0b5d940fb7ac1782557a7a516
zil1nhtznddua4fwzzurtdvwxhaspjyuq2spgt2t0w,957.746479,d70615a7e6e71f5aa39026f428c57e962e129aa6f4a1c3e13e0885fe8d801755
zil1mvjgv907x959ht03hggecgagm5sam49ep8y3tj,957.746479,d919bf89aa2573dd5fffc1a2dfaef0c8b64fdf2a4b82851cdff17fdd64494aa5
zil10xw6ncw55dha02th2hq23re0suhr7q90ql2ppa,957.746479,e9aecf2815ced5267bff94fe4bd228bdf34c69ee1778700b1476cb4816a49717
zil14vygpmxc5ermm9xnh0exllf0xvz3nh6ycduk6d,957.746479,a1cf940d050d0f9e24d30519797443f0cdda7234a9f8e8ece75842c878b52e69
zil1xdvxfj4s2etzknkquqz9quahyl4t5anenjw7dj,957.746479,4515d55929db6078304690562653d661b5cd6358a17546c90e49b9de7d2bd161
zil15ladjwwj0qrtrzqn62znpacqarylt5yu403ycu,957.746479,4e5d18e1a68e81a4797f9e47833dcb2b09f8f2c7d118f18b90f370e9076c2fcb
zil1hxsc5csm8yunl3uphw0lkr39a00ds35rvgkzaz,957.746479,9d9447cb32badc568f41ac31ff9fa56051097e9e1a895429fe37492d1f7021e8
zil1kuyucuz87tte8xlumfnaat3whuusp3lqjscc39,957.746479,3147234f7e1dfb0672f023d7d8acf1421381460d64645b573aad6ffbe8e1b0d7
zil1hv9amds0ercv8a7yyeevz7a42dkz7ty3tsmdem,957.746479,fccb0e8a29b913e421e81b22b0e054c5a9e02cf5be6fb05d0088d431bc3f1a4e
zil1qa7x5fhlsmnstk4yhd7fvy96vvq6zf90jwd7l3,957.746479,acda74696607ec3e219804a57cffaf1e9295b7bf4a4b6c2557b8368021269e0a
zil1kgsscmyucl992zjett0wkav4rtuwp8mnnvs68q,957.746479,07582918ab190c8dbb655e7bba4e6354c382de4116e49bfe9a1f81800077fd36
zil18yuu9kehc6p96msk2sdqndxv3syz3j8z7nql5k,957.746479,d49b867c1606cda9c83590af9f46bbe2f09ac97a2b741a88cd52bc8fa23e20ed
zil144c7wttvtd3uyjtdvzcz7mhpycfcqtemly9ku2,957.746479,f7f1b8666e22fdbb0d03cebfee724a032b18b933a07ebbcfee84bd47f702f4a4
zil155232x67gfed5puzqetxveud6l7eszy5gukvwr,957.746479,7af22e8e174bb5685f2c41b740dc6917bf0cb454dcf409141b0d5bf1ff0cb3f1
zil1m9ljlcewdrtq0u3uwkqklqzf28q487vgs25xhl,957.746479,c09e898f2d678ee3f1a35df1303a05d803dbb8f6bcc7964e02a6d9046881820a
zil1qc09fxra48tucg9pkv535llt9myeljrkts732v,957.746479,0f37501784c2a9c2586064f5abd7770e68c67d59b58a5bc7625e4c7e403ae9b4
zil1kued3j46luaapn5rejn2yuf2z3vydft7lcf2f0,957.746479,48600b7328e88a579b58de33372ffe2248154ef192ff500fe5f0b3682089c183
zil13scueeyn643wmv0j3f4cvzmf028n5f2emvls8g,957.746479,aeeeab6e1cc492347f2b279366adba28118d06819481ac9c6eac4ee17ce426cd
zil1efsf9aklafgg8tyh6gw86r72438f2qs8qwyxh6,957.746479,c80df7a09274417777745a27381b432c14cb65c3bf94666da7b016b81ad8992c
zil173zadmjyc7zkvqnmy6tcvy3ff0swnpl28gfekw,957.746479,ac6574f781693b2e0612ce1d21f8700fb447c29f4a80f607a9fbbfa21c360eb7
zil19f7fm0t77vgz475js5547smjqjrfn77nmkx5k9,957.746479,70ca4779bc8f75c74fa026bb83ddcf266c603822509511ffee823305291097e1
zil1e7yddqgnh3mta648t7uhc5l4c60nw9ua9y53kk,957.746479,5c2e530ad8c2186db5ea7219cb3ce74b0f7a9d576a45d32b1d81ae434ff321c2
zil1qvpawfxesutnqwm9hu2xv7ntwl7q0upd59fknp,957.746479,03d9caa103a32057b2cc76caab69b071fa0d1e76cb79033a92084adb5329698d
zil1a2jwsgnse28t9xxzag4kqvqae8j9rwvd0hwhxq,957.746479,15b03752bbb555ed3e78765e4f7b30b6d4ecfd2869b73a81a8009ffcedb482ff
zil1mrpsv06eul8cr5kdfvr4lfgh7hr6yyf664wc8f,957.746479,f8e2f13e9a5d0d0f4502706c7276b354758ddadaf659609b288626cbfb553b03
zil1g4udathm9gmyrf3qfer39nnm4vxawhn4hggxey,957.746479,255d1f95d3699c748d3a8ad3f7d8cc6a7a15136aa609d8a672c0623956d6895c
zil1kugcmdmjaqjcpfxwl433g6hem9jdm82n08xdtl,957.746479,0f3a6dd003f0e5acca71b208742ae080f003cb4cb05556a21a3550e9ee1309b1
zil1v6fyx8wdvxjkxevmjx3pqnz8gz2zjplmjpvcsx,957.746479,0d0bd1cdfc08e648c1df7a9d559123674709bea1923d850a7aeae65b9596a35d
zil1eukfwkqgvrzx7hqunuwe3k53scm8dh3kkvp22p,957.746479,5587cf1b0b8f2ae6fbd7f1cabcb10c6aeecd89e6f0db8ef5defda6dd603227ab
zil1pzzrws3hqqqt6snndgap4p8ua9ps3zyzf3ywsm,957.746479,22e50e94444629e1a0c0fff1711571925c3d17dbbcbf4a6a05fbb18d4edd1bea
zil1aux2r3jr0d79dp0xx88cr0znu8ru3xmqzl3zq6,957.746479,f1a4e56a6c826445115f760e2446fde072b6ff139a539c0339056f3c5366326d
zil1naqehkd7jewkaykxt0vcg34aw027ukm2uz8gkd,957.746479,159b74087700b861d044a59d8f5cfca6f95e8fbd76fce8d69495182a187fc064
zil1tu8ytlj4ql9jruxn4r6zp2wwsyukd9j46y3z06,957.746479,ea5a6c4189b991486bf1d0ceb8853b5e6b41f123737698c480115bb5ba02249c
zil16al3gpgxhat6at6930wehqntmm4ht5uh2ppwsu,957.746479,8072e9487751da36ebe9fabd6485abbd9731f6afcd2a3e6644ca278aa17a0b18
zil1fzqa74xneh7x5pxmqqx67wqvt7ww3pz9jf79e8,957.746479,aeeb43d6fe06615b41da15f4a7317dabf3cba789006eb431284e50abba106cc9
zil1vcmkcummrd5jtavvct6k40k83rhg2s8u2xhpyv,957.746479,80152de6c2aca134a87cab3d4a071ec363f860f61ad98f2c6457dd9705e1fb2a
zil1gpdskcqqtr77psc5j0m8rgf2tu6k2syrx3g9nu,957.746479,d7966d7827f1e284b37d947ffc50da4d746199745c6fba9cc620de9a79d40a9e
zil1arpfjuwxkqufr7r7ltqxh7v3jmndgghdtwtl36,957.746479,e43a5b692c7466c4a80770a1796c0a38c68cc70e84c0ccc2dcc11c319daa3d92
zil1fzf6k5wzxfy2f6pttt3hqwhff2caekrcdn27ja,957.746479,4c40ab71ec30618cd1e10eddee8aa1825cb1e720efca7f535c73309d7f2ca719
zil1stxxakc4hmn4fy9nuxdmg2jc6q2tket7a3ed5p,957.746479,ba7f856dd1f1ddccd178d781dd104f0cba38cd4cba59f53869527db4457b6635
zil1z9vcmdhqtwedmplyff7msre04j67scz5tw7w92,957.746479,c4ec4de19157ce8cd8d2620cc1c346d5dd1c8555a3b43d8816369565299d4a96
zil1kl9y77f6gn4cfuudjanzjk7prvq7q3rhm8zsqa,957.746479,1aa3d82c95d3ace0ff79e46d50baffd12bb53f79ac2ee894d22e163fd52fd0f8
zil1q34t7lrk52vn2al7huppr6th5hkdqrauusue7d,957.746479,c0665c76946ec41a7f4b57dcc7a3e3974296d64d9aace319b4339037df194fd3
zil1wyxdhltd6szswuuy6nvcg9e468j9ca7w465fvc,957.746479,58638c5a6fe035da33c163edbc809fa11d4cb3eb5d854f76f7f10354a7bc5516
zil1xksappssshnyk74uj38d4a4v89sgrauyezmpt0,957.746479,b10191ccbcea8228d608d020d2ddf1d8dfce99ababb1e0647ec9d3d7fdf69add
zil189dt0rcdcscnx6mharpfv9jhdlv49vswc5ecyj,957.746479,30ae79766d3eb07f6b578c11cc5d590164b88ca4447354c67ba94d888ae51a40
zil1aspufhuea3mqtfrwz5feptj200km620ne4jxw4,957.746479,c2ab72c6da5b3d550e7206f279056b2668e5322b4c7b55cdb9da2f6ca3899002
zil1pfec0cps5t3acepnhce9h5lfw54ufnke2vvuuk,957.746479,b4221213dc5c0fa1ad8eaee995adffd6eabb5793aa87d084e4e3bf6f028e3e71
zil1hktx2h6fjdgs52ym6p8t0x0xy9rf0y04f3x2m7,957.746479,cf97048c3f0d1c2e66fb24ea61fc88f875d7c15c0d2da625038d6253eade61ed
zil1frhskpezztd5875uea5k5py5dutjklxhsnplvl,957.746479,3540e7a87c44b989a96c0d4e3d4946f60ff8642ac91a6bb40e3d826196d476f9
zil1u4n967v3dyxup3fltmal5vu90z36j0v6gak6jn,957.746479,2a5cdda367faaf81a2aba038307591ff048e11f60c9500415fcb2d40ed15c536
zil1hu80nldph39z02evv27u8erh6prwg7klkq3l9m,957.746479,7bf177576e62333195076fdbb87bd615cf0f039da3fa9f39f6f5ffca4008b90e
zil1te9njst0zx4p3pndjvlgss9zmffadahpccsuhf,957.746479,f048b8b6226d9a7e7dfb69a5e7167837fb710361012100b2995d72b40925406e
zil1ra84224h0et6evklj8s4nq7n8y7qru2r9awjrm,957.746479,25f97450156af809bcf5d782a5a51daa8f933cc7bdb09765fd4b06bc3451c924
zil1ndg5zvygrwhrm5klnsp90aedrwrmkkgz9we0yv,957.746479,fb5a526d4cef37d3955216f260025d4f8509dcfbb0540ca274f51af724a6ce9c
zil19v653rw2sglvjqgnfsmjyekv88wj6a53l6qxjc,957.746479,9faed3383af9005952e136806dfa357ef17f66376526adaa0e99f648f32ee888
zil1y46uxc2sd3kj7ntv8v6l8zjye48t2veyzrhtv0,957.746479,7c3727c1886c122f6810cbbd9f44afff03b2ca0142eaae24fa200329314c3bb0
zil1jqxc6wwjdpj73dy78dqhv0m5xd8fa69zycee7l,957.746479,ab056f012f224651005629fdf6fa8d42731103ad9e386401263c875d71cb2f5b
zil14lkyxs52tptw7senqa7t6hs47a0vszek5x3uz9,957.746479,36af1b2ecedec0cd988f6f4e19e5fba2c5e3eafb11f673b8096ed3a25e63c2e4
zil14xdx8edpscwylut8t6l74nza26n4tgx6gryf6q,957.746479,7df0612d205bf7f4e343b3d7a07ebfebfcfcf3985ccd04a3849cdd9860f05f8e
zil1ry40hafh3zu569mua2dfn89nhvumx5kqwg5m2c,957.746479,f45f6f296a5cc4c9b562db600e09779e62da7437ba5d2b3a1948d506ca1e2245
zil1rk52t4gn9rhdfp3jqlhg5w0egyghxu7xpzqsw9,957.746479,05f9392836e0484b4ce47cc3f5546156b5fb147c25da8d61d2a7e20e7dd11292
zil1qyt4t5gllsn2qzaj343x9ym3q0l768v7g27d0g,957.746479,2e6c874608bf548892068535b5662135e859e4328a6af9d12741df31f1783e9a
zil1zjd5xatckn20ycfg49y6pwj4s60sdlmz44rzxn,957.746479,e23f39197f676315b7455b0eb0e2bfdde7972ef97f886064737f3ee9899dbdcb
zil19x2eaqjwfls9cew5xc43lx850psyhmgxlrefgu,957.746479,d8118f996fd084251c69d4f2643c4b70d0331fe0c84412cf082d98e77c524758
zil17ts9mwm20cfvzgme55jqvweq0qp3jy9zare687,957.746479,f5feb65f6dcc40b22b9a089271376fedff9f2d690c1a8b7742704ea2f5ecdea0
zil1xz2achpmw5zr39qqaqd07slfyr4m4dpd5kjpk0,957.746479,57b79e623ad2fbbcf7b085c145c79a5db42722e429f404196d07c7d30b3abc2f
zil1dps0ph2cm52s0e60rgvmxlqzklrjm2qcsfzl76,957.746479,8022e2d085b77800f3879146d78376aaa3fb4650a42e92ca01aabf395782c65d
zil1p825yas5gltsqpgw8k64tlf8axh8frxugsjjv6,957.746479,8beeeeb50581b24407b8c28c598541b25371568784159e5e53826701acf97c9f
zil1w8c9qqw7d52mk924lgmdxavfp26wshtwcu42c7,957.746479,23703868de42dab74e78ca31a096181dedf3a493b3a34aeca7d0e461347a4882
zil1u45g0pl85uqleylndznwru9w6z80fndvj2klzp,957.746479,86b37a225adf06156ad41537ce7a6a23f17389c8300ce9b030b70430858487c0
zil10g7lwe0jzlvwtcqyhd5aar7v456xezj26kfzgc,957.746479,45ccee6612a43af92462dfb60304fedc6c3e33694effa4389ff176596f2fbc0c
zil1gg5lqknu0czstp0nrpf7qml5ewv5wgett0lu8s,957.746479,13b8fc07abb760310c0c3570d96d562f7868ac3a886903cde0b6663bfc3e24c6
zil1pktthssnmgvneag85z0ns2stquglkcy5dl98na,957.746479,46fe485fcd9aeb3721749742f6d4d58c9fce246f6cbd0daef5dd0e682f17d21b
zil1hsflpvrmd6qtt9aj43zcy9nts99gnhzf2zgtzm,957.746479,339cd29b05730d8dafe20239f011ee1293a80f1a6f6c3f78b8da2d961f2eab71
zil1qkm92d78mfztlejs6pqzjsqslqfwhmxa9g40cr,957.746479,3cdb8e85740f077e19971c49a608896af04748cf4846c9a5b905e0c2377863d9
zil1fw5xfvhx6emje60e63pw8wmrwpv4z0hazd0lr6,957.746479,273a9b5b07e7e9aa11f45a99aee79a00746a9bc67c251fbb33c1288789a23dd4
zil1tndq0cttp3ench07gjaxr9pey3nr8qv7tksqew,957.746479,bab92952dbc45f5d5043610805e7bb691c6f14d5c9a4766a74d35fda6b6b0048
zil1xnr6rhh7wjt5q7238hspf6q2kpulls2vaz3ngr,957.746479,393ef5bb0008909a22ba85c9fec55030ad5c4fb27a9a48c3af4f00356f1a3512
zil1jxgj8v6pcc49n7r5p2udsv2nxyvx0242f4whjf,957.746479,f93b6b1e5a948d6a4324f3ecb3865c4af6e177807d5ba0d1d285abd3344d193d
zil17rwda6pdqzsj056rquyzglpjf7urek4g82pk3w,957.746479,78118178b5a869329bc9cddb94ef7df19870abd5ae065894fa63c7c147fd21e8
zil19tnkf5wz67lm89w4rvksjrh5ffjhcaagvv4fnr,957.746479,b6cd4032e10c364b07f7a0db63a124901c22df32f0f2de12a19a3a529e86ef33
zil1fpn6vew9h8dlfdztfzqce4rtunyf3m8tphxrpv,957.746479,eea0341fb7ddfb679f38b9e43291b359a77f55bb81057c2b07cf0c696136ebc0
zil1j22advr8k8xpg8fzatvkzlfk4kwqx233gv98x7,957.746479,029dd6974be1226c089d3fedc1a3ccc315fe7cd50ddc6f31b1516fe3d56c64ea
zil1pv4p55446krvly3dmxwsr5j63cu5glmvu0k3pn,957.746479,79bd15d1a6561ee55439742fba2e23190b63feec6de718e912eb5b49ef087378
zil13usulks0mnj25t37sk2k2d26kzdf07nte5lu97,957.746479,c015b85b437ebe78b23f6bb5ff79d6cdde47c2fbd4f61a1d27e4d406d941e96f
zil1fglhfhqc6mru27jvn0tgelxsunhhxf55qm4s30,957.746479,5179420a8415f18beaf1688f001ca4e7345bd605e9c3e3bb312d5e1ab81256ae
zil1hcll2naz0dv05cpu8sl2xfajjs3j5yt2f6q67x,957.746479,654897ce303edf890a366746838a2ffa60a56cf6c360077c60b05c4d9f37c626
zil19zfkpf4m5ksxs6kwzsls2pavduvlffne4ys572,957.746479,776cfe584861263f6253d0aef72a62bfc67bced4350835a38fd6e23db68ac8b6
zil1f0j5ksyvss9wjq549cc06e3en3lga6z389ygku,957.746479,a6e11c183948f5fdd0de7f77ed39a049844b4ad768cfc89c030100cad7c6c189
zil1lf6drfzgvfgcyrg6qpwmtnpjhs3v9mr2emghja,957.746479,3740a72a52ef96eeddbe7d46b9deedd59f8f6668e00807fc4050c406af8102d3
zil1r07t3vwsmcm9p340cqmc3ry7ktljr8drhypl0a,957.746479,617e67910669abee5375162b0f16c75df4d39782851b9020e83020fdb3188dc7
zil1t3kqxkfc2l8xkflz2ej5zavstkhmeqahwrwhmr,957.746479,1703983bdd8fcdff6336f64045acd70cdb30032839611ecd2d43b1472b02f1f5
zil17cv5vdh2wzs6kjm8s6m8d2v6cx0824awf0wcwp,957.746479,c00d68ae40860a65711ab3db327521310ac68d96110a68bae3226cccc7269f10
zil1ytuupgng0jxsxz3z0ph8g0zrcxyn3jlg4dcsxk,957.746479,b12e4917b68e0172fc1a57b7f05559fd06028f765818b68b91d416dd31f58141
zil1wan04dv4wpv72vxg758njqcskcqm859fvaekfg,957.746479,301ebaee46e8518b0aa9f9cf5b69fdc7a67012b06b89367381973119462fb9cd
zil1awn9ckelvzls07wgrqj652tnw6fh2nsdhejgaf,957.746479,7f1a178da2d92efd4c50998fcbd8986987f5cf2e3459c192a3fcfe920cc509c0
zil1phqa9myczzf5805ejehh9ypnqted4tw5z7u09w,957.746479,0aebe5498e07d96ba65a39c7890a011949e29cb757b57246d6c0c2ece036307a
zil1d65ahvp0mfah502uc7pc5qmtgvy6xul6dx0wkf,957.746479,47ce6b2fe635da6284ed5843ac68c9372d8949749c3ae36de3199d18acb7bc05
zil1jh2gsjkuwl0r8qz06wt2l2c2zlaqd4slhmvq0u,957.746479,696a4f916653f13bae6d66859d189bfd4e8fb247ef62cfe3e4384812258205cc
zil15qfa46gl43z66srelhz0x7cm5pjma589vzlc7p,957.746479,da8459f67474c58fb1b490c1a61d119a04a478aa5257ac621b637c53ecb076ea
zil1cvc6xug0n570azpj9ghsz8stw2vns285ydlta4,957.746479,cf32d758435cb4479fc3c70a6449c43face32e786ec9efd958c2a7a383ce2427
zil1gj68nkf9dgdfg7n4tvz7ljflm75ywws0wu5sa5,957.746479,f054f0c831d4f3cf1b4958990dbd573b3e21cc032bfe5b310f9ec3ccb9b57dc7
zil1l4w7n5rkkcpv2dedpqm6ynk0p2p9hlxcfk65f8,957.746479,c061d2add2b5e722e5326d76a235a129ac74acc911e7e2e7e964b294a9be9865
zil1c2tgn3guf7lpvxt3vfz62d949pcywem0hcymcl,957.746479,97e98db45ad4cab8369a0f915aab1dd39403e6aa257159d861d2d6e360f05575
zil1tl84ecj234lxymkx29dnsq6sdp7urt3w8t2uww,957.746479,00441f63ad841a07ba7575028c61305d35b80792e8e99c9aa547eef7f1f74db8
zil1wwj3esqj5tlkgyewa3l90ylt7fh4njwv4x4tjf,957.746479,8583a346d0968794073c26b189ca95cf16a13615388d44298a334ea5f89c7b15
zil1uup85xzdyl30w5s6m6mfc0a76ej5vjl36m7xtp,957.746479,4a08780538241e64022c712dac58eddeeb6a3bf03a396a64752abdabc3afc814
zil1qyddmkkj0ky67ng2g748kvulkv5wn44nzkccpw,957.746479,16e37fe94274dddf1fe7f93e4468661e1980fca113e40647eb288021513c7674
zil1qpa6u3yu24qvq3fd3esjc9z237pge85m6a4q30,957.746479,06877d72a4964a940f0f5ad4744de7a2c6c13aea00253db117cf04ffe9a870a7
zil1lkruaszp4zaw2cgjcwxapuexr9yeqzzdjymzqh,957.746479,ee54ad1e78efa8e0d9390bd58179cb4247c73bae8ebb8c79132548fa87b6dcd1
zil15mdhzncpmx37whhfp90pcqh0u02jr28wgc5ulv,957.746479,bf1c23643fec192fbee907a7124e6da43fb628d350ecd3fcf242863c53094f23
zil12j99u7fa3xjr2r22fcxegrde6wf5vc9q6rru3c,957.746479,2c1246bbfaa7e2aa4b4e3f85e63ea121d0a875db630624474df8554e8af60e4c
zil1ugca5rzrqvghhu2vhhuumxp83eesygyld6awr3,957.746479,cd30d9b9978536523fe5e024259ddbf7c7eabfca0924c521492054955f3293e9
zil1eyprtd2r7zve6a428u34axjkvacwkv3yfgjly9,957.746479,5033fdb8f4e3ba44801d3d936bacde7e1448083ac386972be6a6359823d1930a
zil15qenkvk065ksll2nxdp7xva24gqxtx64d6w0xx,957.746479,08985d6d04226182ab83dda665dfb52ea48d2696a7c61513e8705ad3715f5638
zil1hsumx5tfxph8ftph0wxgh553keptxt3c3emn0z,957.746479,af20dfbc7bac42045f95e13499c4845b8fd6226a49fc62f35e6f149955d25782
zil1kaxk39yh5pvuq8j8ln7q9spzgck0q9x9nl02yl,957.746479,901d8071d45931ad9b9ea967340c50de22a4c89dc0fbaa5a970de829f4c0bb20
zil19zasx0dq25u9gsdnrwcxwjnmvrz7sel56j4x8s,957.746479,31a42acd75547b2f712d5f17bc945cf460252775252e64e91ef4b62e09c8546c
zil1yk5wp4h5caujry97y2lw037a7tqwmjjr8xg2q5,957.746479,11694b1c47e08f181dbb9b62ca81dd5488a1fce0e6a255069fb29ac2648e4a57
zil1gqg4fa4njv5scal5f8d5fpkqx65l6w4k5e0dlr,957.746479,138c1b0bdd0599ccf833e5934d7ad42763ef17fc53fc29c18efa754cfedaf8df
zil1rzqw0lf5r0qcz6dpc9rg3z66d70mpvurm2pqhj,957.746479,0b750d5ca26b3240d2fc4e99b4a68bbeb22cc0dcc7c96b6f5498a4ad6ac6ab71
zil18pn0dxqlzpp4qqkhv4yvqavyp49vzrj565708q,957.746479,0221b38c4919b83e0950fa7b1ae0de1849f0074219db23ebf4e479742f473564
zil166vaj5fpuk606ddngxfrhlf76tnnd60lvqfhq2,957.746479,8533a8ee35142fb0305af3f2edd3e01a8422c93858fef8e5d6cda3924d9e8914
zil13f7ekrqm7meernuz3ukldmrxqrcsgnn3f9p3ht,957.746479,fe201c38c6d08f5a45fb48aa50e61dd97b8f205c11bc4502fc1bcf2918f1b2fb
zil1j8vpkh0td8vccapm3jpmv8u6jqlswareukkqn5,957.746479,b92a9754959d77a1eb3147f0967c6c1279c9b6b51096fc695b6915669bb0924b
zil1tsz8e0lldrmqyx5ccy90pvchquannyjjpvaqtu,957.746479,23a2b4eb51fdf1c7eab49a7389b5c8564da02cb4c86416b1739da1871a4d35fb
zil1mh9ypjqrymy3pged26fv62j8lstj4ccvwk6p5m,957.746479,f2504bb526501882d90276ae7114bac232c6261e2271e9962fcce1fbc49c2dd7
zil1pjgs32z6vf4pynyca6xrm28jtg945qdd98rqdk,957.746479,d14fc74911e4f883adcdf1755d948ddd48be0854b8e8d0cd20fe0a2d5af43cb0
zil1tgw7apwt4jexkktvxxfydsqnnflfy33hnqw6j4,957.746479,b47a7c1b11ccbb13a77bf236d9882ef899e15e0d243a78d2d200a2031d1bafe9
zil1tehneg3sdut04azke8y2acwkgm55l50upqakag,957.746479,eef1de4599ea10c2167d329808acaf7f16bc575a2936399870968a3fe38975c3
zil1w4vt5wxgz0qfke3u3zdf5e27wr04ur78ldf2vq,957.746479,d98bea72ba5dc5011f8f68427c483cbff5e9575cef0dc22ac0888e72e3f7d68c
zil1nrvqukgqteq0dm83nr2zaa7tapmkfj7deez5as,957.746479,5885dc673c14a7ee5e64419650b52fd42485257ef76aa348bc5365d19cd030d2
zil1fw8ftc9vfvxk98avr897s245de2sudej2grgj0,957.746479,f955219bc87e01d3415019cf9c1609ffa9982a63fe1efc5650881c57e2a4e2df
zil16c6f6a2ql0nvha39hxuuc9lsg97zhqc3ny79eq,957.746479,f773dd220085aa3465c5143d318be93e430f39faefb6e5723a3f0b24b593ce3a
zil1tu0c74karj6myv2cy6yeeuccrd6gs2eyms0jrl,957.746479,d9e9c57913a9f66fa0a19f4836799daad80d97f24ebc53d861e322bc184033e8
zil1eu6az5yl3t7d6jsyttrzgcryr5cz033dknuanj,957.746479,6cdb721a32a6bbaa740a5c6cbd0e042f52c7a46999ead356888713cb823c9af1
zil1usnfh678gun0895fkaws0tevk9935h6s7hyjdq,957.746479,cb3fe50fd685522fa3bcecc4b5b0801f523834a69e16098a374e7c0148c422f1
zil1v5glz5xueqtp3ylk0fc4ejj6qht2fydxqs7qy2,957.746479,29809ce04030b2f74b7ef5fb4f4829f672ef8250cf816e989dbc4b85ae819f15
zil1cujqw8zjzvqrn7wrf6t5uat0sdwx2j5hjn2m3x,957.746479,04f7181433d8fcc9c0ae3adf02bc3928502fab73921fd766cf448ad3d0c5dfd5
zil19hcnsxph9m4032h7ly2nc9qm97mycdf49jug3x,957.746479,dbf738eebe689c37fb590764d69191c75d539ca35d4f76d22569a20b7170ca24
zil19f0hsrwlhazpq0kayxzevgeldkfs2dh4sh0e95,957.746479,1b9f4ab89b1abdb0c5cc9e7f46ba1c60581d9f89aa84807a2d8f8478eda1f8ff
zil1rhrx33487kvkx5xw86rw0vg2kd58t6tdvncsa4,957.746479,4afe99fb7b28e6757bf312e9db8eee91187fc6e9c271be205c44e8d3cc6bfd1e